101;Tortilla de patatas;Receta tradicional de la abuela;imagen1;1
102;Tortilla de patatas;Receta tradicional de la abuela;imagen1;2
103;Tortilla de patatas;Receta tradicional de la abuela;imagen1;3
104;Tortilla de patatas;Receta tradicional de la abuela;imagen1;4
105;Tortilla de patatas;Receta tradicional de la abuela;imagen1;5
106;Croquetas de jamón;Las de mi suegra, las mejores!;imagen2;6
107;Croquetas de jamón;Las de mi suegra, las mejores!;imagen2;7
108;Croquetas de jamón;Las de mi suegra, las mejores!;imagen2;8
109;Croquetas de jamón;Las de mi suegra, las mejores!;imagen2;9
110;Croquetas de jamón;Las de mi suegra, las mejores!;imagen2;1
111;Croquetas de jamón;Las de mi suegra, las mejores!;imagen2;3
112;Croquetas de jamón;Las de mi suegra, las mejores!;imagen2;5
113;Macarrones con tomate;Muuu ricos;imagen3;1
114;Macarrones con tomate;Muuu ricos;imagen3;2
115;Macarrones con tomate;Muuu ricos;imagen3;3
116;Macarrones con tomate;Muuu ricos;imagen3;4
117;Macarrones con tomate;Muuu ricos;imagen3;5
118;Natillas caseras;Riquisimas;imagen1;1
119;Natillas caseras;Riquisimas;imagen1;2
120;Natillas caseras;Riquisimas;imagen1;3
121;Natillas caseras;Riquisimas;imagen1;4
122;Natillas caseras;Riquisimas;imagen1;5
123;Canelones;Espectaculares;imagen1;3
124;Canelones;Espectaculares;imagen1;8
125;Canelones;Espectaculares;imagen1;9
